candidate,validation_prediction_mse,validation_rank_ic,validation_rank_ic_daily_se,validation_rank_ic_dates,state_id,config_id,output_dimensions,test_prediction_mse,test_rank_ic,test_rank_ic_daily_se,test_rank_ic_dates,test_regime_accuracy,test_similarity_regime_recall,test_anomaly_auc,test_effective_rank,test_mean_abs_embedding_correlation,test_reconstruction_mse,test_prediction_mean,fit_rows,inner_validation_rows,iterations,converged,stopping_reason,embedding_variance,parameter_count,parameter_bytes,fit_wall_seconds,fit_cpu_seconds,selected_on_validation,test_rank_ic_delta_vs_raw,test_prediction_mse_delta_vs_raw
raw,0.000668969271726,0.681632653061,0.0833723570778,14,b56dc7106cbcfc201c4c9df25bc263e367629bdcf58a73cd16b9bb25be00f1f1,d680abc3cba324ae3c070ef8f9e3d58631735db3b603d9ae0e47ccb9ed03ecf6,10,0.000485443625928,0.76380952381,0.0565593793714,15,0.988888888889,1,1,3.22339175131,0.453110693714,4.78327459259e-33,-0.0404031659875,258,0,1,True,closed_form,10,20,160,0.000224249990424,0.000225,False,0,0
pca,0.000832909952873,0.714285714286,0.0675061151118,14,447cff0ca6e0d761771f96dc0c9a4cfcf6c853e249ee0951b412da2b4b14a735,7b7b3fb03299f3ded5bb41b1fc881b5cd69f53c733e284dea7aa5f981f333443,4,0.00055251890697,0.76380952381,0.0495238095238,15,0.988888888889,1,1,3.00844018562,0.293833246656,0.0127455477161,-0.0361575538173,258,0,1,True,closed_form,9.90730568144,78,624,0.000625624990789,0.000626,True,0,6.70752810422e-05
incremental_pca,0.000832981908929,0.714285714286,0.0675061151118,14,09061bc190214241c642c3ee1ff476aaf986f74e9160a867b455b2fe34cde2da,26687fb902d581acd1c2cec9b755e4bac8b47cf1a136ed18a64503d55bc852b1,4,0.000552516628058,0.76380952381,0.0495238095238,15,0.988888888889,1,1,3.00841241061,0.293829418164,0.0127220807006,-0.0361583455857,258,0,3,True,closed_form,9.90730357421,78,624,0.000870666000992,0.000871,False,0,6.70730021305e-05
robust_pca,0.000832330752018,0.702040816327,0.0704144196706,14,14018e6e2bb0539d50404b4da4ce4beaba0a3c8ca7bc4e06b7bb20a8584b4831,ecd1c85f10390cdc81710827e0940db12da665a3446baf32b33d0ac50c275025,4,0.000557373535616,0.767619047619,0.0447749293542,15,0.988888888889,1,1,2.76506153134,0.308913638613,0.0174900927538,-0.0362284566072,258,0,1,True,closed_form,9.48887724148,78,624,0.000796583015472,0.000796,False,0.00380952380952,7.19299096881e-05
dense_autoencoder,0.00285196254017,0.710204081633,0.0643672702874,14,911e659806f6385f6ecb7831926a4b09133a92ba14d5bb7f92e12fcc1035679c,7fde448ac9b96f23909bf435801daabebb85f11fd9005de08aaa0d071da17d2c,4,0.00174077213387,0.60380952381,0.0701998627641,15,0.788888888889,0.866666666667,1,2.27026500872,0.430553145504,0.425581770041,-0.0361950623902,258,54,10,False,max_epochs,4.79898950651,494,1976,0.0297075829876,0.027473,False,-0.16,0.00125532850795
sequence_autoencoder,0.0039544713767,0.559183673469,0.0934602697903,14,5e9d60d9b5e7656dcf4b0eba02622ee1688ab78d85f8bc116f41c4b1dbc8e80e,0db9ed7c4b34539d80c9cf6957388aeaba28dbed0e479f59a71a71189e4e1f34,4,0.00327944291626,0.333333333333,0.125028017592,15,0.622222222222,0.733333333333,0.865079365079,1.568058011,0.713677427701,0.621555630007,-0.0314746850687,258,54,10,False,max_epochs,2.88864968219,1510,6040,0.0451225829893,0.044905,False,-0.430476190476,0.00279399929033
denoising_autoencoder,0.0019654007563,0.522448979592,0.085684378426,14,f301d3ba718b5fe8adb97bb5ff46df9da7e8a025690ceb1209221e81db4070a5,ad5eb063b414f97c03c65169816681f90840116a5e0110a278cf96fd4ff01367,4,0.00266113557787,0.67619047619,0.0485086963173,15,0.977777777778,0.977777777778,1,2.11559759233,0.346552363259,0.543013710646,-0.0222684368311,258,54,10,False,max_epochs,3.09197105689,494,1976,0.0168162079935,0.016758,False,-0.087619047619,0.00217569195195
variational_autoencoder,0.00163651651093,0.689795918367,0.0881830316815,14,a1f9cd2c2c161cf567f252bd5a5818d6797d3f9af28d5f287cd30a57356da688,ffcbb514926b3368a3c51ac06aeed9cf5790fbb594cffc838cc229a2b00b7808,4,0.00204253951666,0.470476190476,0.0977836674022,15,0.944444444444,0.977777777778,1,1.86026199737,0.626151697572,0.77600392504,-0.0218317279858,258,54,10,False,max_epochs,2.3007238346,562,2248,0.0247457079822,0.024678,False,-0.293333333333,0.00155709589073
contrastive_timeseries,0.00125410878699,0.697959183673,0.0615064152615,14,82527b615317bc6917488d8631f22489b79953549a5b501c76350ac621f5b415,62b6b76850a636e54bc3cbe18b97ae840ca0826370163dd4ebfa4041d6634b89,4,0.00134044386481,0.729523809524,0.0542009124009,15,0.966666666667,0.544444444444,0.714285714286,1.76576581206,0.629293976321,,-0.0535396584637,258,54,7,True,validation_patience,1.51281382872,1500,6000,0.0716287500109,0.072848,False,-0.0342857142857,0.000855000238886
