label,label_id,kind,horizon_sessions,observations,missing_fraction,overlap_rate,autocorrelation_lag_1,autocorrelation_pairs,effective_sample_size,mean,standard_deviation
fwd_direction_5,d5987565e79bbdb14ae12c903a945381fc26351c09aff075a4762dcd67c83d6f,classification,5,7510,0.006613756613756627,1.0,0.6051106561957479,7500,1847.6102943573428,0.48282290279627166,0.4997381328453189
fwd_quantile_5,0c1b9d9d4228f6d15252f26e532206448f38aa950b27f36cdaf697a55f62890d,quantile,5,7510,0.006613756613756627,1.0,0.7214225842572428,7500,1215.341550274136,3.0,1.4143077271408109
fwd_ret_1,245f21648bc7632d6fc2cb498b63d1ee69082114591480718b734ba38c06ff13,regression,1,7550,0.001322751322751281,0.0,0.016760186371420883,7540,7301.092914926543,-0.00044436274828280205,0.023734674865250837
fwd_ret_20,113ba3b848b305fb9905c1df8bae0499db9bdd86fe909227054b5f33342fcff4,regression,20,7360,0.02645502645502651,1.0,0.950367960195778,7350,187.29379297350957,-0.007514684111725603,0.10719787650699517
fwd_ret_5,e539337c1a0fce0b6ee52ad48639a316ca31c336e91a69a8b2ed3902839ee138,regression,5,7510,0.006613756613756627,1.0,0.8084274597145845,7500,795.5584670067633,-0.0020246996536703956,0.054463120251962545
fwd_threshold_5,2d924ee44d015363315b1ca268903e0b3c7d35ad7c6586a438a4e520021e0ddd,threshold,5,7510,0.006613756613756627,1.0,0.6927835351461594,7500,1362.9596479109973,-0.03395472703062583,0.9199076384100267
fwd_vol_scaled_5,c3bdb79598c458e03b155a2602f677728cc8c0967f8aca45f8388cc711df1983,volatility_scaled,5,7310,0.033068783068783025,1.0,0.8024060140045265,7300,801.3799479162657,-0.03759166337484615,1.0843274987006466
lagged_side_meta_5,522da49d3edb403be84e64e2165b789ed674a638c4ae0a4c6e80522326a676b0,meta_label,5,7500,0.007936507936507908,1.0,0.039546183696156915,7490,6929.373350846975,0.4673333333333333,0.4989650131690642
triple_barrier_20,474707320072c75ebb06da64d241c8234e1454bfc8af63ce3fa94bb29ceaed7f,triple_barrier,20,7360,0.02645502645502651,1.0,0.6275793636519034,7350,1684.105822877847,-0.12078804347826087,0.9896611504633743
