arm,capital,turnover_budget,fold,regime,n_dates,n_feasible,n_failures,feasible_fraction,coverage_fraction,performance_evidence_available,net_return,net_return_ci95_low,net_return_ci95_high,uncertainty_method,hac_lag,net_sharpe,realized_volatility,gross_return,cost_drag,max_drawdown,var_95_loss,cvar_95_loss,worst_bar_return,mean_turnover,max_turnover,mean_gross_exposure,max_gross_exposure,mean_net_exposure,mean_absolute_net_exposure,mean_concentration,max_concentration,mean_effective_n,mean_n_positions,mean_ex_ante_volatility,mean_condition_number,max_condition_number,mean_ridge_applied,max_ridge_applied,ridge_applied_fraction,mean_n_observations,min_n_observations,mean_observations_considered,mean_complete_observation_fraction,min_complete_observation_fraction,mean_primal_residual,max_primal_residual,mean_dual_residual,max_dual_residual,mean_complementarity_residual,max_complementarity_residual,mean_objective_residual,max_objective_residual,median_max_certificate_residual,p95_max_certificate_residual,max_certificate_residual,median_duality_gap,p95_duality_gap,max_duality_gap,solver_failures,failure_reasons
alpha_risk_cost,10000000,0.25,fold_1,all,12,9,3,0.75,0.75,True,0.28781678146091089,-0.39200230808223685,0.96763587100405868,newey_west_hac_bartlett,2,3.4685103461383844,0.082979940302426239,0.33533061151067711,0.047513830049766212,-0.013609523636019971,0.0063096287825576934,0.0097370350310427012,-0.0097370350310427012,0.18854694464192936,0.9999999999995296,1.0000625623727548,1.0002508795085339,1.0000625621858574,1.0000625621858574,0.25014961084945159,0.28000000066280972,4.0228249799049687,8,0.073966450423949268,5.727253203136943,5.895726188741623,0,0,0,252,252,252,1,1,5.8158085299279491e-10,9.7940339172097879e-10,1.3156460704590002e-09,1.9808302775814468e-09,4.0152005253621261e-09,1.8063467663688279e-08,2.8785071631883606e-09,5.7948874786562335e-09,4.3349261107043417e-09,1.8553344851151239e-08,2.4519301407070306e-08,3.4454034980828439e-09,1.7626671224931337e-08,2.4519301407070306e-08,3,solver status 'failed' is not eligible for evidence consumption (3)
alpha_risk_cost,10000000,0.25,fold_1,calm,12,9,3,0.75,0.75,True,0.28781678146091089,-0.39200230808223685,0.96763587100405868,newey_west_hac_bartlett,2,3.4685103461383844,0.082979940302426239,0.33533061151067711,0.047513830049766212,-0.013609523636019971,0.0063096287825576934,0.0097370350310427012,-0.0097370350310427012,0.18854694464192936,0.9999999999995296,1.0000625623727548,1.0002508795085339,1.0000625621858574,1.0000625621858574,0.25014961084945159,0.28000000066280972,4.0228249799049687,8,0.073966450423949268,5.727253203136943,5.895726188741623,0,0,0,252,252,252,1,1,5.8158085299279491e-10,9.7940339172097879e-10,1.3156460704590002e-09,1.9808302775814468e-09,4.0152005253621261e-09,1.8063467663688279e-08,2.8785071631883606e-09,5.7948874786562335e-09,4.3349261107043417e-09,1.8553344851151239e-08,2.4519301407070306e-08,3.4454034980828439e-09,1.7626671224931337e-08,2.4519301407070306e-08,3,solver status 'failed' is not eligible for evidence consumption (3)
alpha_risk_cost,10000000,0.25,fold_2,all,11,5,6,0.45454545454545453,0.45454545454545453,True,-0.70071824774281277,-1.2365345078186147,-0.16490198766701081,newey_west_hac_bartlett,2,-8.9204203116088472,0.078552155982035146,-0.67780340507024861,0.022914842672564141,-0.0349448220467099,0.0095271412697185073,0.012885429444018914,-0.012885429444018914,0.090931915367318053,0.24999999976561374,1.0001145644709422,1.0002533286408943,1.0001145639205582,1.0001145639205582,0.19961496540454721,0.23323089930649599,5.0824880325897279,8,0.062243092662851038,5.7608171646903816,5.874503310850792,0,0,0,252,252,252,1,1,5.0791634994955316e-10,1.0711116438244517e-09,1.66439746289458e-09,1.8647138139149533e-09,1.1950378336163262e-09,2.5123783775309368e-09,2.0828473703185301e-09,6.1791687554359558e-09,2.9753049683994492e-09,6.0110406699562904e-09,6.1791687554359558e-09,2.9753049683994492e-09,4.9286318741472954e-09,5.3385283280376294e-09,4,solver status 'failed' is not eligible for evidence consumption (4) | target breaches max_turnover after exited-name liquidation accounting (0.250000 > 0.250000) (2)
alpha_risk_cost,10000000,0.25,fold_2,calm,6,3,3,0.5,0.5,True,-0.28869777875076091,-0.75221304423905122,0.17481748673752939,newey_west_hac_bartlett,2,-4.224081098106506,0.068345699821003233,-0.26768723372556402,0.021010545025196968,-0.011672710541809295,0.0061235087030854351,0.0061688530954181016,-0.0061688530954181016,0.083375178671416528,0.24999999976561374,1.000083932543171,1.0002498935217061,1.0000839317787136,1.0000839317787136,0.20327557717339043,0.23182412201285002,4.9952958105883738,8,0.061611691402689066,5.7487722518186386,5.8034624111465689,0,0,0,252,252,252,1,1,4.6208794545132474e-10,1.0426411123365398e-09,1.7893015564349857e-09,1.8647138139149533e-09,1.4696366237487854e-09,2.5123783775309368e-09,2.4441953275044883e-09,6.1791687554359558e-09,5.3385283280376294e-09,6.0951047126961235e-09,6.1791687554359558e-09,3.2890460585859634e-09,5.1335801010924624e-09,5.3385283280376294e-09,2,solver status 'failed' is not eligible for evidence consumption (2) | target breaches max_turnover after exited-name liquidation accounting (0.250000 > 0.250000) (1)
alpha_risk_cost,10000000,0.25,fold_2,stress,5,2,3,0.40000000000000002,0.40000000000000002,True,-1.1951428105332749,-1.8424232050441463,-0.54786241602240349,newey_west_hac_bartlett,2,-13.927052312271535,0.085814484194921825,-1.1699428106838701,0.025199999849404766,-0.019354517481883327,0.011199964576498952,0.012885429444018914,-0.012885429444018914,0.099999999402399856,0.24999999913692672,1.0001513227842675,1.0002533286408943,1.0001513224907712,1.0001513224907712,0.19522223128193533,0.23323089930649599,5.1871186989913527,8,0.063190194553093992,5.778884533997994,5.874503310850792,0,0,0,252,252,252,1,1,5.7665895669689604e-10,1.0711116438244517e-09,1.4770413225839718e-09,1.5981741485759926e-09,7.8313964841763703e-10,1.1295880855105157e-09,1.5408254345395929e-09,1.5840242151592291e-09,1.9427218991326212e-09,2.2528148746335864e-09,2.2872696496892493e-09,1.8917707039572823e-09,2.2477197551160526e-09,2.2872696496892493e-09,2,solver status 'failed' is not eligible for evidence consumption (2) | target breaches max_turnover after exited-name liquidation accounting (0.250000 > 0.250000) (1)
alpha_risk_cost,10000000,None,fold_1,all,12,10,2,0.83333333333333337,0.83333333333333337,True,0.291205503187416,-0.36566246946329928,0.94807347583813129,newey_west_hac_bartlett,2,3.254402914077426,0.089480470266223425,0.38563766676373668,0.094432163576320644,-0.011968630459925245,0.0074043978080712385,0.007624638684416229,-0.007624638684416229,0.3747308078425422,0.9999999999995296,1.0000892512402326,1.0005981609901249,1.0000892509120034,1.0000892509120034,0.25731512867245832,0.2800000009819405,3.9152921343282863,8,0.075025817086043792,5.7144410950994482,5.895726188741623,0,0,0,252,252,252,1,1,1.0736813796981964e-09,1.8808709589812622e-09,1.2286116692849017e-09,1.9035342948548494e-09,4.9458549891751805e-09,1.8063467663688279e-08,4.3987187593207091e-09,7.8191082821973297e-09,5.7554142801795289e-09,1.8433331311728261e-08,2.4519301407070306e-08,3.7982505141814788e-09,1.7204229197751114e-08,2.4519301407070306e-08,2,solver status 'failed' is not eligible for evidence consumption (2)
alpha_risk_cost,10000000,None,fold_1,calm,12,10,2,0.83333333333333337,0.83333333333333337,True,0.291205503187416,-0.36566246946329928,0.94807347583813129,newey_west_hac_bartlett,2,3.254402914077426,0.089480470266223425,0.38563766676373668,0.094432163576320644,-0.011968630459925245,0.0074043978080712385,0.007624638684416229,-0.007624638684416229,0.3747308078425422,0.9999999999995296,1.0000892512402326,1.0005981609901249,1.0000892509120034,1.0000892509120034,0.25731512867245832,0.2800000009819405,3.9152921343282863,8,0.075025817086043792,5.7144410950994482,5.895726188741623,0,0,0,252,252,252,1,1,1.0736813796981964e-09,1.8808709589812622e-09,1.2286116692849017e-09,1.9035342948548494e-09,4.9458549891751805e-09,1.8063467663688279e-08,4.3987187593207091e-09,7.8191082821973297e-09,5.7554142801795289e-09,1.8433331311728261e-08,2.4519301407070306e-08,3.7982505141814788e-09,1.7204229197751114e-08,2.4519301407070306e-08,2,solver status 'failed' is not eligible for evidence consumption (2)
alpha_risk_cost,10000000,None,fold_2,all,11,9,2,0.81818181818181823,0.81818181818181823,True,-0.37387752972020233,-0.92513971915530524,0.17738465971490053,newey_west_hac_bartlett,2,-4.2293319943720853,0.088401083248540457,-0.26885512193635253,0.10502240778384984,-0.018977744977704436,0.0089603288635590073,0.01228713916741442,-0.01228713916741442,0.41675558644384869,1.2596301649837445,1.0000727309615109,1.0006084344539108,1.0000727302959218,1.0000727302959218,0.25630894653647124,0.28000000088917815,3.9315848328147429,8,0.071695999647165054,5.7769930713469364,5.874503310850792,0,0,0,252,252,252,1,1,1.4443081893867103e-09,1.9936536669920682e-09,1.0179066965571866e-09,1.60077723299068e-09,3.8400234035355114e-09,1.3183154716448918e-08,2.6822442056343219e-09,5.3651053622611428e-09,4.2170695900974177e-09,1.0055934974773805e-08,1.3183154716448918e-08,1.5409094768922985e-09,3.8578142828931093e-09,4.0576977272076647e-09,2,solver status 'failed' is not eligible for evidence consumption (2)
alpha_risk_cost,10000000,None,fold_2,calm,6,5,1,0.83333333333333337,0.83333333333333337,True,-0.38862900824882529,-0.67799688775625655,-0.099261128741394089,newey_west_hac_bartlett,2,-8.136194443830421,0.047765452378478741,-0.32004288130649577,0.068586126942329573,-0.011884270903977701,0.0050910060010734785,0.0056335185597035939,-0.0056335185597035939,0.27216717040606969,1.0095733517712921,1.0000319339567809,1.0001916006523923,1.0000319331337948,1.0000319331337948,0.24540529799388908,0.25763762364479126,4.1014073728082341,8,0.069067347563710565,5.7842711000777749,5.8439014685010084,0,0,0,252,252,252,1,1,1.3669908832346112e-09,1.9936536669920682e-09,1.1408248084086051e-09,1.60077723299068e-09,4.3832658684691446e-09,1.3183154716448918e-08,4.2568592246487823e-09,5.3651053622611428e-09,5.2393924102557045e-09,1.1619544845611361e-08,1.3183154716448918e-08,1.3515502153329298e-09,3.554340077144591e-09,4.0576977272076647e-09,1,solver status 'failed' is not eligible for evidence consumption (1)
alpha_risk_cost,10000000,None,fold_2,stress,5,4,1,0.80000000000000004,0.80000000000000004,True,-0.35617575548585473,-1.3880770683115393,0.67572555733982997,newey_west_hac_bartlett,2,-2.7576485347780819,0.12915922786894143,-0.2074298106921805,0.1487459447936742,-0.012287139167414418,0.010729526613326896,0.01228713916741442,-0.01228713916741442,0.59026168568918336,1.2596301649837445,1.0001216873671868,1.0006084344539108,1.0001216868904739,1.0001216868904739,0.26939332478756983,0.28000000088917815,3.7277977848225539,8,0.07498181475148312,5.7678955354333885,5.874503310850792,0,0,0,252,252,252,1,1,1.5409548220768343e-09,1.8895967568433036e-09,8.6425905674291339e-10,1.1848630965261009e-09,3.1609703223684703e-09,4.4516642341440962e-09,7.1397543186624608e-10,1.349217990158855e-09,3.3414539894354212e-09,4.3176129664856733e-09,4.4516642341440962e-09,2.7966454581567574e-09,3.4498870616503847e-09,3.5579891164212774e-09,1,solver status 'failed' is not eligible for evidence consumption (1)
equal_weight,10000000,0.25,fold_1,all,12,12,0,1,1,True,0.097882442343613346,-0.29407524783209782,0.48984013251932446,newey_west_hac_bartlett,2,1.8842035764226504,0.051948973862714451,0.12043358334946944,0.022551141005856087,-0.0073208940600572037,0.0047359384306334962,0.0052090562132181637,-0.0052090562132181637,0.089488654785143174,0.25000000000000006,0.87507961571419202,1,0.87507961571419202,0.87507961571419202,0.12500014572565851,0.12500119570125212,7.9999906736319053,8,,,,,,,,,,,,,,,,,,,,,,,,,,0,
equal_weight,10000000,0.25,fold_1,calm,12,12,0,1,1,True,0.097882442343613346,-0.29407524783209782,0.48984013251932446,newey_west_hac_bartlett,2,1.8842035764226504,0.051948973862714451,0.12043358334946944,0.022551141005856087,-0.0073208940600572037,0.0047359384306334962,0.0052090562132181637,-0.0052090562132181637,0.089488654785143174,0.25000000000000006,0.87507961571419202,1,0.87507961571419202,0.87507961571419202,0.12500014572565851,0.12500119570125212,7.9999906736319053,8,,,,,,,,,,,,,,,,,,,,,,,,,,0,
equal_weight,10000000,0.25,fold_2,all,11,11,0,1,1,True,-0.19987656714151233,-0.73745350027909862,0.33770036599607389,newey_west_hac_bartlett,2,-3.0459057528754485,0.065621389287183751,-0.19785650639731295,0.0020200607441993577,-0.016559686278774466,0.0062696659883503137,0.0077221337225040869,-0.0077221337225040869,0.0080161140642831669,0.012114641373079937,1,1,1,1,0.125,0.125,8,8,,,,,,,,,,,,,,,,,,,,,,,,,,0,
equal_weight,10000000,0.25,fold_2,calm,6,6,0,1,1,True,0.02960002392758853,-0.63733079381982882,0.6965308416750059,newey_west_hac_bartlett,2,0.47813254240926434,0.061907570186368888,0.031506664220008987,0.0019066402924204685,-0.0067607770438797843,0.0033558636610666447,0.0040975201874274784,-0.0040975201874274784,0.007566032906430431,0.012114641373079937,1,1,1,1,0.125,0.125,8,8,,,,,,,,,,,,,,,,,,,,,,,,,,0,
equal_weight,10000000,0.25,fold_2,stress,5,5,0,1,1,True,-0.47524847642443341,-0.88884555545716981,-0.061651397391697005,newey_west_hac_bartlett,2,-6.5372082590566949,0.072698995900279118,-0.47309231113809935,0.0021561652863340253,-0.0098656084137825895,0.0071411466288425771,0.0077221337225040869,-0.0077221337225040869,0.0085562114537064502,0.011529399513056759,1,1,1,1,0.125,0.125,8,8,,,,,,,,,,,,,,,,,,,,,,,,,,0,
equal_weight,10000000,None,fold_1,all,12,12,0,1,1,True,0.12259998607224627,-0.26410602736229294,0.50930599950678546,newey_west_hac_bartlett,2,2.3705641649581688,0.051717640840322786,0.14557770056226835,0.022977714490022113,-0.0073208940600570926,0.0047359384306334962,0.0052090562132181637,-0.0052090562132181637,0.091181406706436929,1,1,1,1,1,0.125,0.125,8,8,,,,,,,,,,,,,,,,,,,,,,,,,,0,
equal_weight,10000000,None,fold_1,calm,12,12,0,1,1,True,0.12259998607224627,-0.26410602736229294,0.50930599950678546,newey_west_hac_bartlett,2,2.3705641649581688,0.051717640840322786,0.14557770056226835,0.022977714490022113,-0.0073208940600570926,0.0047359384306334962,0.0052090562132181637,-0.0052090562132181637,0.091181406706436929,1,1,1,1,1,0.125,0.125,8,8,,,,,,,,,,,,,,,,,,,,,,,,,,0,
equal_weight,10000000,None,fold_2,all,11,11,0,1,1,True,-0.19987656714151233,-0.73745350027909862,0.33770036599607389,newey_west_hac_bartlett,2,-3.0459057528754485,0.065621389287183751,-0.19785650639731295,0.0020200607441993577,-0.016559686278774466,0.0062696659883503137,0.0077221337225040869,-0.0077221337225040869,0.0080161140642831669,0.012114641373079937,1,1,1,1,0.125,0.125,8,8,,,,,,,,,,,,,,,,,,,,,,,,,,0,
equal_weight,10000000,None,fold_2,calm,6,6,0,1,1,True,0.02960002392758853,-0.63733079381982882,0.6965308416750059,newey_west_hac_bartlett,2,0.47813254240926434,0.061907570186368888,0.031506664220008987,0.0019066402924204685,-0.0067607770438797843,0.0033558636610666447,0.0040975201874274784,-0.0040975201874274784,0.007566032906430431,0.012114641373079937,1,1,1,1,0.125,0.125,8,8,,,,,,,,,,,,,,,,,,,,,,,,,,0,
equal_weight,10000000,None,fold_2,stress,5,5,0,1,1,True,-0.47524847642443341,-0.88884555545716981,-0.061651397391697005,newey_west_hac_bartlett,2,-6.5372082590566949,0.072698995900279118,-0.47309231113809935,0.0021561652863340253,-0.0098656084137825895,0.0071411466288425771,0.0077221337225040869,-0.0077221337225040869,0.0085562114537064502,0.011529399513056759,1,1,1,1,0.125,0.125,8,8,,,,,,,,,,,,,,,,,,,,,,,,,,0,
inverse_volatility,10000000,0.25,fold_1,all,12,12,0,1,1,True,-0.05523467040620391,-0.51911473113270312,0.40864539032029534,newey_west_hac_bartlett,2,-1.0892034811999807,0.050711066719463301,0.0077653295937961473,0.063000000000000014,-0.01228932262669713,0.0051460656323328814,0.0059671941356690874,-0.0059671941356690874,0.25,0.25000000000000006,0.64323824059094581,0.92131257304825631,0.64323824059094581,0.64323824059094581,0.19951266696696413,0.54782856681742109,5.8385748778523165,7.083333333333333,,,,,,,,,,,,,,,,,,,,,,,,,,0,
inverse_volatility,10000000,0.25,fold_1,calm,12,12,0,1,1,True,-0.05523467040620391,-0.51911473113270312,0.40864539032029534,newey_west_hac_bartlett,2,-1.0892034811999807,0.050711066719463301,0.0077653295937961473,0.063000000000000014,-0.01228932262669713,0.0051460656323328814,0.0059671941356690874,-0.0059671941356690874,0.25,0.25000000000000006,0.64323824059094581,0.92131257304825631,0.64323824059094581,0.64323824059094581,0.19951266696696413,0.54782856681742109,5.8385748778523165,7.083333333333333,,,,,,,,,,,,,,,,,,,,,,,,,,0,
inverse_volatility,10000000,0.25,fold_2,all,11,11,0,1,1,True,-0.19427650382713185,-0.60881814991442407,0.22026514226016042,newey_west_hac_bartlett,2,-3.6879687635890557,0.052678456972088332,-0.13127650382713185,0.063,-0.015838612901189375,0.0046847562479131084,0.0051500847089809704,-0.0051500847089809704,0.25,0.25,0.95894059366392836,0.99885419554661481,0.95894059366392836,0.95894059366392836,0.16021302351409367,0.21452746442436546,6.359879914574134,8,,,,,,,,,,,,,,,,,,,,,,,,,,0,
inverse_volatility,10000000,0.25,fold_2,calm,6,6,0,1,1,True,-0.041543921157382611,-0.67288936488823092,0.58980152257346574,newey_west_hac_bartlett,2,-0.6525560427637872,0.063663376683220321,0.021456078842617389,0.063,-0.0084204597765867861,0.0037138574195616746,0.0042194277868452456,-0.0042194277868452456,0.25,0.25,0.9822453297113779,0.99696486848505494,0.9822453297113779,0.9822453297113779,0.14493087029617632,0.15680014036199336,6.9157515195476504,8,,,,,,,,,,,,,,,,,,,,,,,,,,0,
inverse_volatility,10000000,0.25,fold_2,stress,5,5,0,1,1,True,-0.37755560303083097,-0.66805723368799619,-0.087053972373665689,newey_west_hac_bartlett,2,-9.5414395321705463,0.039570088114884515,-0.31455560303083097,0.063,-0.0064008833845643487,0.0046267722432793007,0.0051500847089809704,-0.0051500847089809704,0.25,0.25,0.93097491040698854,0.99885419554661481,0.93097491040698854,0.93097491040698854,0.17855160737559445,0.21452746442436546,5.6928339886059192,8,,,,,,,,,,,,,,,,,,,,,,,,,,0,
inverse_volatility,10000000,None,fold_1,all,12,12,0,1,1,True,-0.076508607538922482,-0.72783948520439046,0.57482227012654541,newey_west_hac_bartlett,2,-1.1607951245948425,0.065910517642488065,0.19509507696932021,0.27160368450824274,-0.016868526639987169,0.007445724755923114,0.0076276797878472085,-0.0076276797878472085,1.0777923988422331,1.6013648806708005,0.83333333333333337,1,0.83333333333333337,0.83333333333333337,0.38068038755348815,1,3.8293069402839701,3.8333333333333335,,,,,,,,,,,,,,,,,,,,,,,,,,0,
inverse_volatility,10000000,None,fold_1,calm,12,12,0,1,1,True,-0.076508607538922482,-0.72783948520439046,0.57482227012654541,newey_west_hac_bartlett,2,-1.1607951245948425,0.065910517642488065,0.19509507696932021,0.27160368450824274,-0.016868526639987169,0.007445724755923114,0.0076276797878472085,-0.0076276797878472085,1.0777923988422331,1.6013648806708005,0.83333333333333337,1,0.83333333333333337,0.83333333333333337,0.38068038755348815,1,3.8293069402839701,3.8333333333333335,,,,,,,,,,,,,,,,,,,,,,,,,,0,
inverse_volatility,10000000,None,fold_2,all,11,11,0,1,1,True,-0.21703617806330786,-0.72031495081126673,0.28624259468465096,newey_west_hac_bartlett,2,-3.1173638994364614,0.069621701240122263,-0.018273528739297717,0.19876264932401017,-0.02034486930897772,0.0048811669859772817,0.0051210555694550502,-0.0051210555694550502,0.7887406719206751,1.3360670595821902,0.95454545454545459,1,0.95454545454545459,0.95454545454545459,0.25625422941717235,0.5,4.2668518459964933,4.2727272727272725,,,,,,,,,,,,,,,,,,,,,,,,,,0,
inverse_volatility,10000000,None,fold_2,calm,6,6,0,1,1,True,0.0032765213283300291,-0.85450524519558668,0.8610582878522467,newey_west_hac_bartlett,2,0.03620260912764596,0.09050511571631252,0.22682948884807028,0.22355296751974024,-0.010923716812246353,0.0044660827797648999,0.0046412784024995142,-0.0046412784024995142,0.88711495047515976,1.3360670595821902,1,1,1,1,0.22244797207150072,0.25007256941292844,4.6591000008285164,4.666666666666667,,,,,,,,,,,,,,,,,,,,,,,,,,0,
inverse_volatility,10000000,None,fold_2,stress,5,5,0,1,1,True,-0.48141141733327336,-0.97145076858874302,0.0086279339221962403,newey_west_hac_bartlett,2,-13.652622184899823,0.035261461923829382,-0.3123971498441393,0.16901426748913406,-0.004426817527271254,0.0046064056288707906,0.0051210555694550502,-0.0051210555694550502,0.67069153765529388,1.0960415685455631,0.90000000000000002,1,0.90000000000000002,0.90000000000000002,0.29682173823197822,0.5,3.7961540601980643,3.7999999999999998,,,,,,,,,,,,,,,,,,,,,,,,,,0,
maximum_utility,10000000,0.25,fold_1,all,12,6,6,0.5,0.5,True,0.31193702789343625,-0.30813533549458394,0.93200939128145643,newey_west_hac_bartlett,2,3.587821927550789,0.086943285980299115,0.35918702759360549,0.047249999700169208,-0.0089414758618258094,0.0066934355598520321,0.0082172258118278271,-0.0082172258118278271,0.18749999881019527,0.99999999999902478,1.0001244290878317,1.0002498066034056,1.0001244288937532,1.0001244288937532,0.22708159890044544,0.28000000151003163,4.4355012914441652,8,0.063877980373141255,5.7237921981229478,5.895726188741623,0,0,0,252,252,252,1,1,8.577519715640073e-10,1.7455060730142691e-09,1.4851032579625094e-09,1.9388850455714923e-09,9.6334526631504314e-10,1.6238174129564778e-09,6.6805620814816988e-17,2.1523891520308092e-16,2.4355519456658504e-09,4.255912271314414e-09,4.2707795954939699e-09,2.4355519456658504e-09,4.255912271314414e-09,4.2707795954939699e-09,0,target breaches max_turnover after exited-name liquidation accounting (0.250000 > 0.250000) (6)
maximum_utility,10000000,0.25,fold_1,calm,12,6,6,0.5,0.5,True,0.31193702789343625,-0.30813533549458394,0.93200939128145643,newey_west_hac_bartlett,2,3.587821927550789,0.086943285980299115,0.35918702759360549,0.047249999700169208,-0.0089414758618258094,0.0066934355598520321,0.0082172258118278271,-0.0082172258118278271,0.18749999881019527,0.99999999999902478,1.0001244290878317,1.0002498066034056,1.0001244288937532,1.0001244288937532,0.22708159890044544,0.28000000151003163,4.4355012914441652,8,0.063877980373141255,5.7237921981229478,5.895726188741623,0,0,0,252,252,252,1,1,8.577519715640073e-10,1.7455060730142691e-09,1.4851032579625094e-09,1.9388850455714923e-09,9.6334526631504314e-10,1.6238174129564778e-09,6.6805620814816988e-17,2.1523891520308092e-16,2.4355519456658504e-09,4.255912271314414e-09,4.2707795954939699e-09,2.4355519456658504e-09,4.255912271314414e-09,4.2707795954939699e-09,0,target breaches max_turnover after exited-name liquidation accounting (0.250000 > 0.250000) (6)
maximum_utility,10000000,0.25,fold_2,all,11,4,7,0.36363636363636365,0.36363636363636365,True,-0.024216178244064825,-0.48058221436687809,0.43214985787874849,newey_west_hac_bartlett,2,-0.46113416189068818,0.052514387883943567,-0.0013070873714202511,0.022909090872644568,-0.010322645634373351,0.0043366931770905583,0.004662884759400715,-0.004662884759400715,0.090909090764462575,0.25000000090546609,1.0001588078468062,1.0002506965154494,1.0001588073710928,1.0001588073710928,0.19124514325212247,0.21353932912761167,5.2482913162473865,8,0.056910270641461105,5.7471496001128433,5.8439014685010084,0,0,0,252,252,252,1,1,2.4140920125777935e-10,3.7423407428516242e-10,1.641115929417763e-09,1.9917212878972634e-09,2.1824212916547895e-09,3.9980001093611886e-09,1.7275165429351209e-16,4.8460833475840908e-16,3.3279482025288401e-09,3.9601084880767037e-09,3.9980001093611886e-09,1.9949863035179706e-09,3.4956874760660683e-09,3.7453893007979586e-09,0,target breaches max_turnover after exited-name liquidation accounting (0.250000 > 0.250000) (7)
maximum_utility,10000000,0.25,fold_2,calm,6,2,4,0.33333333333333331,0.33333333333333331,True,0.15699700839385997,-0.55866873242691695,0.87266274921463693,newey_west_hac_bartlett,2,3.0587103210074935,0.051327844717948802,0.17799700832329293,0.020999999929432949,-0.0053014536905484633,0.0027248496381535861,0.0027760183514561974,-0.0027760183514561974,0.083333333053305356,0.24999999988739385,1.0001662529080406,1.0002498129684787,1.0001662524289827,1.0001662524289827,0.19388805114325128,0.21353932912761167,5.1674487688216049,8,0.057642645081300181,5.7972856215756252,5.8439014685010084,0,0,0,252,252,252,1,1,1.5773003656664752e-10,2.0191589267082264e-10,1.723673564990591e-09,1.9917212878972634e-09,9.1058897649912418e-10,1.0738487707891916e-09,1.0319914120781967e-16,2.0639828241563934e-16,2.868555294347611e-09,3.6577059001529239e-09,3.7453893007979586e-09,2.4586486509988036e-09,3.616715235818043e-09,3.7453893007979586e-09,0,target breaches max_turnover after exited-name liquidation accounting (0.250000 > 0.250000) (4)
maximum_utility,10000000,0.25,fold_2,stress,5,2,3,0.40000000000000002,0.40000000000000002,True,-0.24167200220957455,-0.5643133617874162,0.080969357368267131,newey_west_hac_bartlett,2,-4.291557836186624,0.056313350870349339,-0.21647200220507606,0.025200000004498516,-0.0050479534351937083,0.004532408126476652,0.004662884759400715,-0.004662884759400715,0.10000000001785128,0.25000000090546609,1.000149873773325,1.0002506965154494,1.0001498733016247,1.0001498733016247,0.18807365378276786,0.21253337172751036,5.3453023731583258,8,0.056177896201622037,5.6970135786500613,5.7107614001549258,0,0,0,252,252,252,1,1,3.2508836594891122e-10,3.7423407428516242e-10,1.5585582938449349e-09,1.7905519517725767e-09,3.4542536068104551e-09,3.9980001093611886e-09,2.4230416737920454e-16,4.8460833475840908e-16,3.4542536068104551e-09,3.9436254591061155e-09,3.9980001093611886e-09,1.9949863035179706e-09,2.0721380526786214e-09,2.0807104692520271e-09,0,target breaches max_turnover after exited-name liquidation accounting (0.250000 > 0.250000) (3)
maximum_utility,10000000,None,fold_1,all,12,12,0,1,1,True,-0.31101769660244943,-1.209092791875908,0.58705739867100926,newey_west_hac_bartlett,2,-3.6889881636295407,0.084309757257785223,-0.029106108829312725,0.28191158777313674,-0.029417774007505892,0.0085203564662970407,0.0098731201401030862,-0.0098731201401030862,1.1186967768775269,1.612048705421834,1.0000000007337173,1.000000003399641,0.99999999999939615,0.99999999999939615,0.27309587868572099,0.28000000169378597,3.6653546544249926,8,0.078073857445823736,5.7182147661974803,5.895726188741623,0,0,0,252,252,252,1,1,1.0476156419937317e-09,1.9466599443518362e-09,8.1196923606049098e-10,1.9010573948374798e-09,3.5128896966314353e-09,1.6347286939500354e-08,1.2255036348367287e-16,3.1978054041358675e-16,2.1621958697780524e-09,1.0595499230252121e-08,1.6347286939500354e-08,8.7968339590910523e-10,5.1203292407122006e-09,5.3883744364297673e-09,0,
maximum_utility,10000000,None,fold_1,calm,12,12,0,1,1,True,-0.31101769660244943,-1.209092791875908,0.58705739867100926,newey_west_hac_bartlett,2,-3.6889881636295407,0.084309757257785223,-0.029106108829312725,0.28191158777313674,-0.029417774007505892,0.0085203564662970407,0.0098731201401030862,-0.0098731201401030862,1.1186967768775269,1.612048705421834,1.0000000007337173,1.000000003399641,0.99999999999939615,0.99999999999939615,0.27309587868572099,0.28000000169378597,3.6653546544249926,8,0.078073857445823736,5.7182147661974803,5.895726188741623,0,0,0,252,252,252,1,1,1.0476156419937317e-09,1.9466599443518362e-09,8.1196923606049098e-10,1.9010573948374798e-09,3.5128896966314353e-09,1.6347286939500354e-08,1.2255036348367287e-16,3.1978054041358675e-16,2.1621958697780524e-09,1.0595499230252121e-08,1.6347286939500354e-08,8.7968339590910523e-10,5.1203292407122006e-09,5.3883744364297673e-09,0,
maximum_utility,10000000,None,fold_2,all,11,11,0,1,1,True,-0.060848433869186078,-0.67216776544193302,0.55047089770356095,newey_west_hac_bartlett,2,-0.76932931130725757,0.079092831866488203,0.17411992489340924,0.23496835876259531,-0.018209946805169852,0.0068583347679336305,0.0083282484885288891,-0.0083282484885288891,0.93241412207379082,1.4730222048006114,1.0000000012939156,1.0000000054741536,1.000000000001213,1.000000000001213,0.27526205359133538,0.28000000138069908,3.6361302512403895,8,0.074761417569169222,5.7773059884242279,5.874503310850792,0,0,0,252,252,252,1,1,1.0925729578486313e-09,1.8785719091418684e-09,6.4393121505863584e-10,1.7362204174364848e-09,1.6192917023285974e-09,3.7977744664768625e-09,9.468072064543788e-17,4.0966562057949259e-16,1.933266129927382e-09,3.4478910402505256e-09,4.0843767574709304e-09,1.9039894197613671e-09,3.4478910402505256e-09,4.0843767574709304e-09,0,
maximum_utility,10000000,None,fold_2,calm,6,6,0,1,1,True,-0.15847644963799118,-0.90378432140418918,0.58683142212820694,newey_west_hac_bartlett,2,-1.5230237709732759,0.10405382546112077,0.12238389822261894,0.28086034786061015,-0.014415989851204403,0.0075932916282312598,0.0083282484885288891,-0.0083282484885288891,1.1145251899230562,1.4730222048006114,1.0000000004897138,1.0000000023779214,0.99999999999969547,0.99999999999969547,0.27803188384403515,0.28000000138069908,3.5976374239861273,8,0.075506673294763266,5.7988638713989351,5.8718277280047335,0,0,0,252,252,252,1,1,1.3924924333755405e-09,1.8785719091418684e-09,6.3712810259112607e-10,1.7362204174364848e-09,1.3828517468938003e-09,2.1533236742870159e-09,1.2991167368691277e-16,4.0966562057949259e-16,1.8452839314924121e-09,2.3561147931025726e-09,2.4272916214708119e-09,1.1813765989227139e-09,2.3561147931025726e-09,2.4272916214708119e-09,0,
maximum_utility,10000000,None,fold_2,stress,5,5,0,1,1,True,0.056305185053380107,-0.39472373442211345,0.50733410452887362,newey_west_hac_bartlett,2,1.2652441117563722,0.04450144010171999,0.23620315689835764,0.17989797184497747,-0.0024404736044997266,0.0015572529230219604,0.0015934601603781757,-0.0015934601603781757,0.71388084065467261,1.2131040042916934,1.0000000022589575,1.0000000054741536,1.0000000000030345,1.0000000000030345,0.27193825728809562,0.28000000056999147,3.682321643945504,8,0.07386711069845639,5.7514365288545797,5.874503310850792,0,0,0,252,252,252,1,1,7.326695872163399e-10,1.084413139231564e-09,6.520949500196476e-10,1.731417981210015e-09,1.9030196488503532e-09,3.7977744664768625e-09,5.2403576995668018e-17,1.358716026031379e-16,2.7169383679418265e-09,3.8297824705827678e-09,4.0843767574709304e-09,2.7169383679418265e-09,3.8297824705827678e-09,4.0843767574709304e-09,0,
minimum_variance,10000000,0.25,fold_1,all,12,12,0,1,1,True,0.18763441350421656,-0.17268144585655082,0.54795027286498388,newey_west_hac_bartlett,2,3.3445288369390949,0.056101897353033191,0.21167088861991232,0.024036475115695781,-0.0067410122713564835,0.0050750901621840049,0.0067410122713565251,-0.0067410122713565251,0.095382837760697545,0.99999999999990496,0.99999999999997735,1.0000000000000935,0.99999999999997735,0.99999999999997735,0.13129496607030153,0.13177874336054668,7.6165722446702864,8,0.0447438574402284,5.7182147661974803,5.895726188741623,0,0,0,252,252,252,1,1,1.0939329407599896e-09,1.7308047078889999e-09,9.2945707015608306e-09,1.4153824835323793e-08,1.6788331500112811e-09,2.6086844757674821e-09,1.3028728035136147e-16,2.8676637426604301e-16,1.1908025671599564e-08,1.3872346087453006e-08,1.4153824835323793e-08,1.9605532688395542e-09,2.2223885002691002e-09,2.2766815220803536e-09,0,
minimum_variance,10000000,0.25,fold_1,calm,12,12,0,1,1,True,0.18763441350421656,-0.17268144585655082,0.54795027286498388,newey_west_hac_bartlett,2,3.3445288369390949,0.056101897353033191,0.21167088861991232,0.024036475115695781,-0.0067410122713564835,0.0050750901621840049,0.0067410122713565251,-0.0067410122713565251,0.095382837760697545,0.99999999999990496,0.99999999999997735,1.0000000000000935,0.99999999999997735,0.99999999999997735,0.13129496607030153,0.13177874336054668,7.6165722446702864,8,0.0447438574402284,5.7182147661974803,5.895726188741623,0,0,0,252,252,252,1,1,1.0939329407599896e-09,1.7308047078889999e-09,9.2945707015608306e-09,1.4153824835323793e-08,1.6788331500112811e-09,2.6086844757674821e-09,1.3028728035136147e-16,2.8676637426604301e-16,1.1908025671599564e-08,1.3872346087453006e-08,1.4153824835323793e-08,1.9605532688395542e-09,2.2223885002691002e-09,2.2766815220803536e-09,0,
minimum_variance,10000000,0.25,fold_2,all,11,11,0,1,1,True,-0.15377446434336614,-0.68105571806020793,0.37350678937347559,newey_west_hac_bartlett,2,-2.5815814180946681,0.059565994419366074,-0.15024725984445023,0.0035272044989158894,-0.015439015674807322,0.0045959804954238057,0.0047049131124082561,-0.0047049131124082561,0.013996843249666229,0.032047192607076405,0.99999999999999822,1.0000000000000824,0.99999999999999822,0.99999999999999822,0.12984367304870342,0.13023034999962679,7.7015887236992002,8,0.044547578394507271,5.7773059884242279,5.874503310850792,0,0,0,252,252,252,1,1,9.0308711771362607e-10,1.6398543217777117e-09,7.4367278079634704e-09,1.7365616841722598e-08,1.4339233353749928e-09,2.5521872908641376e-09,1.0630004705028954e-16,2.9615665027509323e-16,3.2028965941990402e-09,1.6317288190782342e-08,1.7365616841722598e-08,4.3135476888812777e-10,2.4734225945066836e-09,2.6150917912590572e-09,0,
minimum_variance,10000000,0.25,fold_2,calm,6,6,0,1,1,True,0.033549227041603194,-0.69639282069095831,0.76349127477416479,newey_west_hac_bartlett,2,0.47701048541310181,0.07033226326785838,0.037778854808210069,0.0042296277666068948,-0.0078094989924388791,0.0037050567786061465,0.0043889378573388838,-0.0043889378573388838,0.01678423716907498,0.032047192607076405,1.0000000000000178,1.0000000000000824,1.0000000000000178,1.0000000000000178,0.12995849626836586,0.13023034999962679,7.6947745830385257,8,0.044756482736833025,5.7988638713989351,5.8718277280047335,0,0,0,252,252,252,1,1,7.6433558325132245e-10,1.1732426696831055e-09,8.7617305403944895e-09,1.5268959539842085e-08,1.221169398348826e-09,1.9465258116276293e-09,9.8040651986309055e-17,2.9615665027509323e-16,8.5723272632050135e-09,1.5235306591100184e-08,1.5268959539842085e-08,1.2083806855456199e-09,2.2843625484538999e-09,2.3317533977543103e-09,0,
minimum_variance,10000000,0.25,fold_2,stress,5,5,0,1,1,True,-0.37856289400532933,-0.62695889600219623,-0.13016689200846243,newey_west_hac_bartlett,2,-8.0210644366044406,0.047196091865032631,-0.37587859742764262,0.0026842965776866837,-0.0076895683587184793,0.0046613400656144765,0.0047049131124082561,-0.0047049131124082561,0.01065197054637573,0.013296517155897192,0.99999999999997424,1.0000000000000711,0.99999999999997424,0.99999999999997424,0.12970588518510853,0.13001144108722767,7.7097656924920086,8,0.044296893183716365,5.7514365288545797,5.874503310850792,0,0,0,252,252,252,1,1,1.0695889590683905e-09,1.6398543217777117e-09,5.8467245290462471e-09,1.7365616841722598e-08,1.6892280598063928e-09,2.5521872908641376e-09,1.1621132112706614e-16,2.8827079872559649e-16,3.2028965941990402e-09,1.4604980598365659e-08,1.7365616841722598e-08,4.3135476888812777e-10,2.1884347010172282e-09,2.6150917912590572e-09,0,
minimum_variance,10000000,None,fold_1,all,12,12,0,1,1,True,0.18763441495078564,-0.17268144435818533,0.54795027425975662,newey_west_hac_bartlett,2,3.3445288634962167,0.056101897340075951,0.21167089006898726,0.02403647511820161,-0.0067410122549549367,0.0050750901501507668,0.006741012254954837,-0.006741012254954837,0.095382837770641271,0.99999999999990496,0.99999999999990219,0.99999999999990741,0.99999999999990219,0.99999999999990219,0.13129496605466931,0.13177874332766662,7.6165722455671059,8,0.044743857440225021,5.7182147661974803,5.895726188741623,0,0,0,252,252,252,1,1,1.3879007040862312e-09,1.5578084933132175e-09,4.559509680795581e-09,5.0468446749871847e-09,2.0923901231167787e-09,2.36838683611458e-09,7.097630344579339e-17,1.4362331868355304e-16,4.5047345514063049e-09,4.9679952852113502e-09,5.0468446749871847e-09,7.145920113640603e-10,7.9465135885509321e-10,8.4603674693244392e-10,0,
minimum_variance,10000000,None,fold_1,calm,12,12,0,1,1,True,0.18763441495078564,-0.17268144435818533,0.54795027425975662,newey_west_hac_bartlett,2,3.3445288634962167,0.056101897340075951,0.21167089006898726,0.02403647511820161,-0.0067410122549549367,0.0050750901501507668,0.006741012254954837,-0.006741012254954837,0.095382837770641271,0.99999999999990496,0.99999999999990219,0.99999999999990741,0.99999999999990219,0.99999999999990219,0.13129496605466931,0.13177874332766662,7.6165722455671059,8,0.044743857440225021,5.7182147661974803,5.895726188741623,0,0,0,252,252,252,1,1,1.3879007040862312e-09,1.5578084933132175e-09,4.559509680795581e-09,5.0468446749871847e-09,2.0923901231167787e-09,2.36838683611458e-09,7.097630344579339e-17,1.4362331868355304e-16,4.5047345514063049e-09,4.9679952852113502e-09,5.0468446749871847e-09,7.145920113640603e-10,7.9465135885509321e-10,8.4603674693244392e-10,0,
minimum_variance,10000000,None,fold_2,all,11,11,0,1,1,True,-0.15377446480365711,-0.68105571761551476,0.37350678800820059,newey_west_hac_bartlett,2,-2.58158142957015,0.059565994332885168,-0.15024726035464783,0.0035272044490092845,-0.015439015671383172,0.004595980490870108,0.0047049131046508251,-0.0047049131046508251,0.013996843051624146,0.032047192091119669,0.99999999999992006,0.99999999999993849,0.99999999999992006,0.99999999999992006,0.12984367304509295,0.13023034996100896,7.7015887239103042,8,0.044547578394503788,5.7773059884242279,5.874503310850792,0,0,0,252,252,252,1,1,1.2859482355227895e-09,1.5790723173481069e-09,5.0676404676518786e-09,5.4097187562468686e-09,1.9704329375931253e-09,2.4095018109565529e-09,9.2742009077623721e-17,2.961566502751763e-16,5.0740044807381178e-09,5.4052998445663944e-09,5.4097187562468686e-09,7.1037884074047521e-10,7.701575829217433e-10,7.7503593305913012e-10,0,
minimum_variance,10000000,None,fold_2,calm,6,6,0,1,1,True,0.033549226559138348,-0.69639282005099901,0.76349127316927579,newey_west_hac_bartlett,2,0.47701047918221945,0.070332263175129209,0.037778854213202914,0.004229627654064501,-0.0078094989913318758,0.0037050567731892704,0.0043889378499152093,-0.0043889378499152093,0.016784236722478179,0.032047192091119669,0.99999999999991596,0.9999999999999285,0.99999999999991596,0.99999999999991596,0.12995849626162501,0.13023034996100896,7.6947745834357342,8,0.044756482736828473,5.7988638713989351,5.8718277280047335,0,0,0,252,252,252,1,1,1.3293401934788562e-09,1.5790723173481069e-09,5.0886502865670462e-09,5.4097187562468686e-09,2.0260416034102517e-09,2.4095018109565529e-09,1.2150849385700008e-16,2.961566502751763e-16,5.0691175254987945e-09,5.4075093004066315e-09,5.4097187562468686e-09,7.4921872621167735e-10,7.6429581268193873e-10,7.6527923278435658e-10,0,
minimum_variance,10000000,None,fold_2,stress,5,5,0,1,1,True,-0.3785628944390117,-0.62695889606430333,-0.13016689281372004,newey_west_hac_bartlett,2,-8.0210644626156782,0.047196091766049962,-0.37587859783606858,0.0026842966029430241,-0.0076895683563741324,0.0046613400591385386,0.0047049131046508251,-0.0047049131046508251,0.010651970646599302,0.0132965171852511,0.99999999999992484,0.99999999999993849,0.99999999999992484,0.99999999999992484,0.12970588518525447,0.13001144104197965,7.7097656924797899,8,0.044296893183714166,5.7514365288545797,5.874503310850792,0,0,0,252,252,252,1,1,1.2338778859755095e-09,1.5651499818414294e-09,5.0424286849536756e-09,5.1102670192755903e-09,1.903702538612573e-09,2.3920306303702442e-09,5.8222227342372063e-17,1.4677207432999266e-16,5.0740044807381178e-09,5.1072962209755657e-09,5.1102670192755903e-09,7.090416960933705e-10,7.6210451459539912e-10,7.7503593305913012e-10,0,
no_trade,10000000,0.25,fold_1,all,12,12,0,1,1,True,0.12367084967356305,-0.2743784858995979,0.52172018524672403,newey_west_hac_bartlett,2,2.3862572715308508,0.051826285098850539,0.14467084967356308,0.020999999999999998,-0.0076351586147654915,0.0046861691441187243,0.0049669210810218611,-0.0049669210810218611,0.083333333333333329,1,1.0009121612697343,1.0010008469040725,1.0009121612697343,1.0009121612697343,0.1250619119527713,0.1251714217889888,7.9960413174616223,8,,,,,,,,,,,,,,,,,,,,,,,,,,0,
no_trade,10000000,0.25,fold_1,calm,12,12,0,1,1,True,0.12367084967356305,-0.2743784858995979,0.52172018524672403,newey_west_hac_bartlett,2,2.3862572715308508,0.051826285098850539,0.14467084967356308,0.020999999999999998,-0.0076351586147654915,0.0046861691441187243,0.0049669210810218611,-0.0049669210810218611,0.083333333333333329,1,1.0009121612697343,1.0010008469040725,1.0009121612697343,1.0009121612697343,0.1250619119527713,0.1251714217889888,7.9960413174616223,8,,,,,,,,,,,,,,,,,,,,,,,,,,0,
no_trade,10000000,0.25,fold_2,all,11,11,0,1,1,True,-0.2100644479486411,-0.75211088928940595,0.33198199339212375,newey_west_hac_bartlett,2,-3.2294901594111467,0.065045699964895856,-0.2100644479486411,0,-0.017081478839269693,0.0061982034546356965,0.0075128286703180884,-0.0075128286703180884,0,0,1.0009915950388082,1.0009996247769801,1.0009915950388082,1.0009915950388082,0.12517365555703283,0.12521112276950935,7.9889019602888878,8,,,,,,,,,,,,,,,,,,,,,,,,,,0,
no_trade,10000000,0.25,fold_2,calm,6,6,0,1,1,True,0.017277667328978254,-0.65374285519677544,0.68829818985473201,newey_west_hac_bartlett,2,0.27385863322699228,0.063089730367044433,0.017277667328978254,0,-0.0070933021422979747,0.0035308703960810609,0.0042967520244853478,-0.0042967520244853478,0,0,1.0009889502666749,1.0009941878741431,1.0009889502666749,1.0009889502666749,0.12519009358752695,0.12521112276950935,7.9878526966618297,8,,,,,,,,,,,,,,,,,,,,,,,,,,0,
no_trade,10000000,0.25,fold_2,stress,5,5,0,1,1,True,-0.48287498628178427,-0.87785923258594145,-0.087890739977627086,newey_west_hac_bartlett,2,-6.8805823007419704,0.070179378020042482,-0.48287498628178427,0,-0.010059531996835958,0.0069869785840451313,0.0075128286703180884,-0.0075128286703180884,0,0,1.0009947687653677,1.0009996247769801,1.0009947687653677,1.0009947687653677,0.12515392992043992,0.12518769816472058,7.9901610766413587,8,,,,,,,,,,,,,,,,,,,,,,,,,,0,
no_trade,10000000,None,fold_1,all,12,12,0,1,1,True,0.12367084967356305,-0.2743784858995979,0.52172018524672403,newey_west_hac_bartlett,2,2.3862572715308508,0.051826285098850539,0.14467084967356308,0.020999999999999998,-0.0076351586147654915,0.0046861691441187243,0.0049669210810218611,-0.0049669210810218611,0.083333333333333329,1,1.0009121612697343,1.0010008469040725,1.0009121612697343,1.0009121612697343,0.1250619119527713,0.1251714217889888,7.9960413174616223,8,,,,,,,,,,,,,,,,,,,,,,,,,,0,
no_trade,10000000,None,fold_1,calm,12,12,0,1,1,True,0.12367084967356305,-0.2743784858995979,0.52172018524672403,newey_west_hac_bartlett,2,2.3862572715308508,0.051826285098850539,0.14467084967356308,0.020999999999999998,-0.0076351586147654915,0.0046861691441187243,0.0049669210810218611,-0.0049669210810218611,0.083333333333333329,1,1.0009121612697343,1.0010008469040725,1.0009121612697343,1.0009121612697343,0.1250619119527713,0.1251714217889888,7.9960413174616223,8,,,,,,,,,,,,,,,,,,,,,,,,,,0,
no_trade,10000000,None,fold_2,all,11,11,0,1,1,True,-0.2100644479486411,-0.75211088928940595,0.33198199339212375,newey_west_hac_bartlett,2,-3.2294901594111467,0.065045699964895856,-0.2100644479486411,0,-0.017081478839269693,0.0061982034546356965,0.0075128286703180884,-0.0075128286703180884,0,0,1.0009915950388082,1.0009996247769801,1.0009915950388082,1.0009915950388082,0.12517365555703283,0.12521112276950935,7.9889019602888878,8,,,,,,,,,,,,,,,,,,,,,,,,,,0,
no_trade,10000000,None,fold_2,calm,6,6,0,1,1,True,0.017277667328978254,-0.65374285519677544,0.68829818985473201,newey_west_hac_bartlett,2,0.27385863322699228,0.063089730367044433,0.017277667328978254,0,-0.0070933021422979747,0.0035308703960810609,0.0042967520244853478,-0.0042967520244853478,0,0,1.0009889502666749,1.0009941878741431,1.0009889502666749,1.0009889502666749,0.12519009358752695,0.12521112276950935,7.9878526966618297,8,,,,,,,,,,,,,,,,,,,,,,,,,,0,
no_trade,10000000,None,fold_2,stress,5,5,0,1,1,True,-0.48287498628178427,-0.87785923258594145,-0.087890739977627086,newey_west_hac_bartlett,2,-6.8805823007419704,0.070179378020042482,-0.48287498628178427,0,-0.010059531996835958,0.0069869785840451313,0.0075128286703180884,-0.0075128286703180884,0,0,1.0009947687653677,1.0009996247769801,1.0009947687653677,1.0009947687653677,0.12515392992043992,0.12518769816472058,7.9901610766413587,8,,,,,,,,,,,,,,,,,,,,,,,,,,0,
rank_uncertainty_vol_target,10000000,0.25,fold_1,all,12,8,4,0.66666666666666663,0.66666666666666663,True,-0.0011574022048923532,-0.56101566030971428,0.55870085589992957,newey_west_hac_bartlett,2,-0.018992476379802562,0.060940036556959253,0.054090451544048151,0.055247853748940541,-0.014561225573786696,0.0056114588402633456,0.0057799172777852808,-0.0057799172777852808,0.21923751487674822,1,1.0000770626449802,1.0002320265425357,1.0000770626449802,1.0000770626449802,0.13857307654064943,0.15554679866035806,7.2385358854003323,8,0.063649016090012944,,,,,,,,,,,,,,,,,,,,,,,,,0,the transformed target breaches max_turnover after explicit liquidation accounting (0.279802 > 0.250000) (1) | the transformed target breaches max_turnover after explicit liquidation accounting (0.256000 > 0.250000) (1) | the transformed target breaches max_turnover after explicit liquidation accounting (0.260612 > 0.250000) (1) | the transformed target breaches max_turnover after explicit liquidation accounting (0.263172 > 0.250000) (1)
rank_uncertainty_vol_target,10000000,0.25,fold_1,calm,12,8,4,0.66666666666666663,0.66666666666666663,True,-0.0011574022048923532,-0.56101566030971428,0.55870085589992957,newey_west_hac_bartlett,2,-0.018992476379802562,0.060940036556959253,0.054090451544048151,0.055247853748940541,-0.014561225573786696,0.0056114588402633456,0.0057799172777852808,-0.0057799172777852808,0.21923751487674822,1,1.0000770626449802,1.0002320265425357,1.0000770626449802,1.0000770626449802,0.13857307654064943,0.15554679866035806,7.2385358854003323,8,0.063649016090012944,,,,,,,,,,,,,,,,,,,,,,,,,0,the transformed target breaches max_turnover after explicit liquidation accounting (0.279802 > 0.250000) (1) | the transformed target breaches max_turnover after explicit liquidation accounting (0.256000 > 0.250000) (1) | the transformed target breaches max_turnover after explicit liquidation accounting (0.260612 > 0.250000) (1) | the transformed target breaches max_turnover after explicit liquidation accounting (0.263172 > 0.250000) (1)
rank_uncertainty_vol_target,10000000,0.25,fold_2,all,11,8,3,0.72727272727272729,0.72727272727272729,True,-0.16307889812022225,-0.64672497233911308,0.32056717609866853,newey_west_hac_bartlett,2,-2.4708214763037244,0.066001894383799609,-0.12019821145935057,0.042880686660871636,-0.015058011013519668,0.0053190607905493001,0.006230313692140799,-0.006230313692140799,0.17016145500345889,0.24886182408955443,1.0000652212449088,1.0002459919603128,1.0000652212449088,1.0000652212449088,0.13806282886019727,0.15488951457228584,7.2590797327774137,8,0.065402500367583299,,,,,,,,,,,,,,,,,,,,,,,,,0,the transformed target breaches max_turnover after explicit liquidation accounting (0.273343 > 0.250000) (1) | the transformed target breaches max_turnover after explicit liquidation accounting (0.274432 > 0.250000) (1) | the transformed target breaches max_turnover after explicit liquidation accounting (0.261846 > 0.250000) (1)
rank_uncertainty_vol_target,10000000,0.25,fold_2,calm,6,4,2,0.66666666666666663,0.66666666666666663,True,0.0071534270524537032,-0.59573909707338835,0.61004595117829574,newey_west_hac_bartlett,2,0.10522521745721701,0.067982060054778984,0.045832269038356611,0.038678841985902837,-0.0078100798055403819,0.0037300108506750505,0.0039769455346712794,-0.0039769455346712794,0.15348746819802717,0.24886182408955443,1.0000785736222806,1.0002360737034013,1.0000785736222806,1.0000785736222806,0.13533761499403518,0.14215907989233356,7.3979624173141012,8,0.065725990019420213,,,,,,,,,,,,,,,,,,,,,,,,,0,the transformed target breaches max_turnover after explicit liquidation accounting (0.273343 > 0.250000) (1) | the transformed target breaches max_turnover after explicit liquidation accounting (0.274432 > 0.250000) (1)
rank_uncertainty_vol_target,10000000,0.25,fold_2,stress,5,4,1,0.80000000000000004,0.80000000000000004,True,-0.36735768832743332,-0.77686876970306185,0.042153393048195265,newey_west_hac_bartlett,2,-5.3390799797938762,0.068805428972355615,-0.31943478805659914,0.047922900270834193,-0.0068663970548382691,0.0058658125315041998,0.006230313692140799,-0.006230313692140799,0.19017023916997694,0.24567751166343313,1.0000491983920625,1.0002459919603128,1.0000491983920625,1.0000491983920625,0.14133308549959178,0.15488951457228584,7.0924205113333896,8,0.065079010715746358,,,,,,,,,,,,,,,,,,,,,,,,,0,the transformed target breaches max_turnover after explicit liquidation accounting (0.261846 > 0.250000) (1)
rank_uncertainty_vol_target,10000000,None,fold_1,all,12,12,0,1,1,True,-0.079889840701929407,-0.62401407852110891,0.46423439711725012,newey_west_hac_bartlett,2,-1.3649545965883567,0.058529302660770194,0.044270955548331131,0.12416079625026051,-0.01656531876458267,0.0053909751302302555,0.0060848381778570585,-0.0060848381778570585,0.49270157242166857,1,1,1,1,1,0.15345452461313172,0.15631500656358521,6.5176420201472309,8,0.065888541211354054,,,,,,,,,,,,,,,,,,,,,,,,,0,
rank_uncertainty_vol_target,10000000,None,fold_1,calm,12,12,0,1,1,True,-0.079889840701929407,-0.62401407852110891,0.46423439711725012,newey_west_hac_bartlett,2,-1.3649545965883567,0.058529302660770194,0.044270955548331131,0.12416079625026051,-0.01656531876458267,0.0053909751302302555,0.0060848381778570585,-0.0060848381778570585,0.49270157242166857,1,1,1,1,1,0.15345452461313172,0.15631500656358521,6.5176420201472309,8,0.065888541211354054,,,,,,,,,,,,,,,,,,,,,,,,,0,
rank_uncertainty_vol_target,10000000,None,fold_2,all,11,11,0,1,1,True,-0.11361139761808545,-0.63164265982167045,0.4044198645854995,newey_west_hac_bartlett,2,-1.832777534229707,0.061988645919230388,-0.010567566006043872,0.1030438316120416,-0.01364083261399951,0.004165455042220401,0.0043625529164030346,-0.0043625529164030346,0.40890409369857772,0.60798467849132276,1,1,1,1,0.15256271669814481,0.15714621100550411,6.5584163017785215,8,0.068258935794845779,,,,,,,,,,,,,,,,,,,,,,,,,0,
rank_uncertainty_vol_target,10000000,None,fold_2,calm,6,6,0,1,1,True,0.14132632081828603,-0.53226114416797032,0.81491378580454232,newey_west_hac_bartlett,2,2.0422070787874356,0.069202737707773909,0.26056972927111544,0.11924340845282939,-0.0053671822873838648,0.0033412503051705915,0.0039683571680377665,-0.0039683571680377665,0.47318812878106903,0.60798467849132276,1,1,1,1,0.15128053615513462,0.15637643403072016,6.6137577563223644,8,0.069291973158637277,,,,,,,,,,,,,,,,,,,,,,,,,0,
rank_uncertainty_vol_target,10000000,None,fold_2,stress,5,5,0,1,1,True,-0.41953665974173121,-0.75082818045512989,-0.088245139028332531,newey_west_hac_bartlett,2,-7.9726042482410184,0.052622285852742895,-0.3359323203386349,0.083604339403096264,-0.0075540213818672264,0.0042774111536537946,0.0043625529164030346,-0.0043625529164030346,0.3317632515995883,0.51770140942812692,1,1,1,1,0.15410133334975692,0.15714621100550411,6.4920065563259097,8,0.067019290958295979,,,,,,,,,,,,,,,,,,,,,,,,,0,
rank_weighted,10000000,0.25,fold_1,all,12,12,0,1,1,True,-0.039809753029823168,-0.5443151796787874,0.4646956736191411,newey_west_hac_bartlett,2,-0.69050124466254148,0.057653412412426282,0.023190170240063993,0.062999923269887195,-0.01336773438182437,0.005241094924390963,0.0058568345697654692,-0.0058568345697654692,0.24999969551542534,0.25000000000000006,0.85702538275079354,1,0.85702538275079354,0.85702538275079354,0.13946900895372197,0.15257098337950137,7.1823017958233164,8,,,,,,,,,,,,,,,,,,,,,,,,,,0,
rank_weighted,10000000,0.25,fold_1,calm,12,12,0,1,1,True,-0.039809753029823168,-0.5443151796787874,0.4646956736191411,newey_west_hac_bartlett,2,-0.69050124466254148,0.057653412412426282,0.023190170240063993,0.062999923269887195,-0.01336773438182437,0.005241094924390963,0.0058568345697654692,-0.0058568345697654692,0.24999969551542534,0.25000000000000006,0.85702538275079354,1,0.85702538275079354,0.85702538275079354,0.13946900895372197,0.15257098337950137,7.1823017958233164,8,,,,,,,,,,,,,,,,,,,,,,,,,,0,
rank_weighted,10000000,0.25,fold_2,all,11,11,0,1,1,True,-0.15241841186244384,-0.61672820801657358,0.31189138429168584,newey_west_hac_bartlett,2,-2.5154851044901605,0.060592055023651628,-0.089919625407917009,0.062498786454526813,-0.014607139383533863,0.004838354739728548,0.0056596258569686633,-0.0056596258569686633,0.24801105735923334,0.25000000000650119,1,1,1,1,0.13951272909802898,0.15257098337950137,7.1854535459662801,8,,,,,,,,,,,,,,,,,,,,,,,,,,0,
rank_weighted,10000000,0.25,fold_2,calm,6,6,0,1,1,True,0.032784272514654482,-0.5674239287780104,0.63299247380731927,newey_west_hac_bartlett,2,0.49401832263010725,0.066362462712140094,0.095783912790017051,0.062999640275362534,-0.0072237108026765862,0.0034220018780937076,0.0036318952272060682,-0.0036318952272060682,0.24999857252127997,0.25000000000650119,1,1,1,1,0.13563754899679301,0.14525612937101312,7.3856998349801222,8,,,,,,,,,,,,,,,,,,,,,,,,,,0,
rank_weighted,10000000,0.25,fold_2,stress,5,5,0,1,1,True,-0.37466163311496187,-0.70628778777281265,-0.043035478457111032,newey_west_hac_bartlett,2,-6.5980831842454153,0.056783405521403679,-0.31276387124543792,0.061897761869523921,-0.0070553485420629114,0.0053311174100726172,0.0056596258569686633,-0.0056596258569686633,0.24562603916477746,0.24999400859633347,1,1,1,1,0.14416294521951217,0.15257098337950137,6.9451579991496688,8,,,,,,,,,,,,,,,,,,,,,,,,,,0,
rank_weighted,10000000,None,fold_1,all,12,12,0,1,1,True,-0.077612163198507361,-0.63031751496518196,0.47509318856816718,newey_west_hac_bartlett,2,-1.3277194079333308,0.058455244937117422,0.046524136866088674,0.12413630006459603,-0.016723451199544881,0.00541238420651231,0.0062909533813293242,-0.0062909533813293242,0.49260436533569846,1,1,1,1,1,0.15257098337950134,0.15257098337950142,6.5543262411347518,8,,,,,,,,,,,,,,,,,,,,,,,,,,0,
rank_weighted,10000000,None,fold_1,calm,12,12,0,1,1,True,-0.077612163198507361,-0.63031751496518196,0.47509318856816718,newey_west_hac_bartlett,2,-1.3277194079333308,0.058455244937117422,0.046524136866088674,0.12413630006459603,-0.016723451199544881,0.00541238420651231,0.0062909533813293242,-0.0062909533813293242,0.49260436533569846,1,1,1,1,1,0.15257098337950134,0.15257098337950142,6.5543262411347518,8,,,,,,,,,,,,,,,,,,,,,,,,,,0,
rank_weighted,10000000,None,fold_2,all,11,11,0,1,1,True,-0.095789487102441104,-0.59059032064788231,0.39901134644300013,newey_west_hac_bartlett,2,-1.5897101367321422,0.060255945338153885,0.0062523941144152616,0.10204188121685635,-0.012959311422113706,0.0038092716255729809,0.0039817523721462572,-0.0039817523721462572,0.40492810006689023,0.59886073501015669,1,1,1,1,0.15257098337950137,0.15257098337950142,6.5543262411347509,8,,,,,,,,,,,,,,,,,,,,,,,,,,0,
rank_weighted,10000000,None,fold_2,calm,6,6,0,1,1,True,0.13747219003245159,-0.50778228337076325,0.78272666343566644,newey_west_hac_bartlett,2,1.9729775494623114,0.069677523735592634,0.25590109708587516,0.11842890705342361,-0.0055503145695068312,0.0032041075566135316,0.0035882051595747273,-0.0035882051595747273,0.46995598037072872,0.59886073501015669,1,1,1,1,0.1525709833795014,0.15257098337950142,6.5543262411347518,8,,,,,,,,,,,,,,,,,,,,,,,,,,0,
rank_weighted,10000000,None,fold_2,stress,5,5,0,1,1,True,-0.37570349966431227,-0.67697267981755904,-0.074434319511065494,newey_west_hac_bartlett,2,-7.8412491262544464,0.047913730786382468,-0.29332604945133667,0.082377450212975614,-0.0067555866131249198,0.0039127600735169472,0.0039817523721462572,-0.0039817523721462572,0.32689464370228422,0.50471718028994772,1,1,1,1,0.1525709833795014,0.15257098337950142,6.5543262411347527,8,,,,,,,,,,,,,,,,,,,,,,,,,,0,
target_return,10000000,0.25,fold_1,all,12,7,5,0.58333333333333337,0.58333333333333337,True,0.19149189637386671,-0.16693971800760549,0.54992351075533885,newey_west_hac_bartlett,2,3.4381934027704575,0.055695498752212344,0.21476732936938908,0.023275432995522413,-0.0066093030529804642,0.0050158212427079893,0.0066093030529804763,-0.0066093030529804763,0.092362829347311159,0.99999999999987188,1.0001709994937547,1.0009992144352575,1.0001709994937547,1.0001709994937547,0.13131944237087315,0.13191000194798894,7.6151643898715031,8,0.044802564351900706,5.7336448845569254,5.895726188741623,0,0,0,252,252,252,1,1,1.45652845538548e-09,1.9890163127644911e-09,6.9551366556658454e-09,1.3514775132215593e-08,2.2046786651467319e-09,3.0538883498739505e-09,1.0264051972431742e-16,2.8957868377828441e-16,4.1362344094372863e-09,1.3369967493024878e-08,1.3514775132215593e-08,6.9526672740004698e-10,2.0733645408523028e-09,2.0921723991707868e-09,5,solver status 'infeasible' is not eligible for evidence consumption (5)
target_return,10000000,0.25,fold_1,calm,12,7,5,0.58333333333333337,0.58333333333333337,True,0.19149189637386671,-0.16693971800760549,0.54992351075533885,newey_west_hac_bartlett,2,3.4381934027704575,0.055695498752212344,0.21476732936938908,0.023275432995522413,-0.0066093030529804642,0.0050158212427079893,0.0066093030529804763,-0.0066093030529804763,0.092362829347311159,0.99999999999987188,1.0001709994937547,1.0009992144352575,1.0001709994937547,1.0001709994937547,0.13131944237087315,0.13191000194798894,7.6151643898715031,8,0.044802564351900706,5.7336448845569254,5.895726188741623,0,0,0,252,252,252,1,1,1.45652845538548e-09,1.9890163127644911e-09,6.9551366556658454e-09,1.3514775132215593e-08,2.2046786651467319e-09,3.0538883498739505e-09,1.0264051972431742e-16,2.8957868377828441e-16,4.1362344094372863e-09,1.3369967493024878e-08,1.3514775132215593e-08,6.9526672740004698e-10,2.0733645408523028e-09,2.0921723991707868e-09,5,solver status 'infeasible' is not eligible for evidence consumption (5)
target_return,10000000,0.25,fold_2,all,11,10,1,0.90909090909090906,0.90909090909090906,True,-0.20668956573399538,-0.76327472542528074,0.34989559395728992,newey_west_hac_bartlett,2,-3.2287258616984187,0.064015829955061498,-0.18821710782327267,0.018472457910722755,-0.017722927223690843,0.0056485971250974619,0.0068046827411108205,-0.0068046827411108205,0.073303404407629988,0.24999998401367612,1.0000226831713692,1.0002495148837884,1.0000226831713692,1.0000226831713692,0.13355915669158067,0.1477916906580457,7.5044149783327887,8,0.045131111315299691,5.786710011552131,5.874503310850792,0,0,0,252,252,252,1,1,1.0965419558472966e-09,1.9641926696234435e-09,7.7584796753392294e-09,1.5855216943038809e-08,2.3391040147596611e-09,6.0532314396959954e-09,8.6357356938745922e-17,2.9635848955136911e-16,7.9366526578738937e-09,1.5014481936158438e-08,1.5855216943038809e-08,1.4940179282287098e-09,6.8439987351449235e-09,1.0453651040219103e-08,0,target breaches max_turnover after exited-name liquidation accounting (0.250000 > 0.250000) (1)
target_return,10000000,0.25,fold_2,calm,6,6,0,1,1,True,0.052323868236255379,-0.66569031931251688,0.77033805578502756,newey_west_hac_bartlett,2,0.74355747054739219,0.070369635581410531,0.0677183970834766,0.01539452884722127,-0.0073660027506123882,0.0036984260727512025,0.0043800969150758302,-0.0043800969150758302,0.061089400187385984,0.15222021792835777,1.0000000000000471,1.0000000000001532,1.0000000000000471,1.0000000000000471,0.13046042715129752,0.1326167135506445,7.6655859907691344,8,0.044904022220085375,5.7988638713989351,5.8718277280047335,0,0,0,252,252,252,1,1,1.2741244217092291e-09,1.9641926696234435e-09,8.822130473421881e-09,1.5855216943038809e-08,2.0075235778983764e-09,2.9973449240952785e-09,1.1990636167077826e-16,2.9635848955136911e-16,8.579140387853887e-09,1.5388141939216381e-08,1.5855216943038809e-08,1.3125061679854551e-09,2.3896215396219715e-09,2.432201473387612e-09,0,
target_return,10000000,0.25,fold_2,stress,5,4,1,0.80000000000000004,0.80000000000000004,True,-0.51750568649829631,-0.85545837197071983,-0.17955300102587279,newey_west_hac_bartlett,2,-9.1818171100087689,0.056362012039445006,-0.49533971371137175,0.022165972786924542,-0.010433779723218461,0.0063422484947054771,0.0068046827411108205,-0.0068046827411108205,0.08796020947192279,0.24999998401367612,1.0000499029769556,1.0002495148837884,1.0000499029769556,1.0000499029769556,0.13727763213992042,0.1477916906580457,7.3110097634091726,8,0.04547174495812116,5.7684792217819254,5.874503310850792,0,0,0,252,252,252,1,1,8.3016825705439778e-10,1.7400127033662116e-09,6.163003478215257e-09,1.3224671862249759e-08,2.8364746700515889e-09,6.0532314396959954e-09,3.6033849840697429e-17,1.4413539936278972e-16,7.861961700510596e-09,1.2809018738945159e-08,1.3224671862249759e-08,1.6207911372004306e-09,9.1812017095175395e-09,1.0453651040219103e-08,0,target breaches max_turnover after exited-name liquidation accounting (0.250000 > 0.250000) (1)
target_return,10000000,None,fold_1,all,12,11,1,0.91666666666666663,0.91666666666666663,True,0.0042034296852744681,-0.31061249525012324,0.31901935462067221,newey_west_hac_bartlett,2,0.071767617758014254,0.058570004363912069,0.11440097125182752,0.11019754156655306,-0.009604980982761635,0.0060785911064579774,0.0089709335033071776,-0.0089709335033071776,0.43729183161330581,1.0801634242886258,1.0000832682235383,1.0009992144352575,1.0000832678695868,1.0000832678695868,0.14777266806292436,0.22234539384052704,6.9520335046357289,8,0.048378739998447017,5.7181932538584128,5.895726188741623,0,0,0,252,252,252,1,1,1.3786224842930337e-09,1.8088821458469823e-09,5.6299613520045455e-09,2.0151002787794851e-08,4.1681447187325574e-09,1.5051110899759056e-08,7.542307535754762e-17,2.9167081809570359e-16,5.5821902629305918e-09,2.1437657406180161e-08,2.272431202456547e-08,8.5126478171705656e-10,1.9495222057178961e-08,2.272431202456547e-08,1,solver status 'infeasible' is not eligible for evidence consumption (1)
target_return,10000000,None,fold_1,calm,12,11,1,0.91666666666666663,0.91666666666666663,True,0.0042034296852744681,-0.31061249525012324,0.31901935462067221,newey_west_hac_bartlett,2,0.071767617758014254,0.058570004363912069,0.11440097125182752,0.11019754156655306,-0.009604980982761635,0.0060785911064579774,0.0089709335033071776,-0.0089709335033071776,0.43729183161330581,1.0801634242886258,1.0000832682235383,1.0009992144352575,1.0000832678695868,1.0000832678695868,0.14777266806292436,0.22234539384052704,6.9520335046357289,8,0.048378739998447017,5.7181932538584128,5.895726188741623,0,0,0,252,252,252,1,1,1.3786224842930337e-09,1.8088821458469823e-09,5.6299613520045455e-09,2.0151002787794851e-08,4.1681447187325574e-09,1.5051110899759056e-08,7.542307535754762e-17,2.9167081809570359e-16,5.5821902629305918e-09,2.1437657406180161e-08,2.272431202456547e-08,8.5126478171705656e-10,1.9495222057178961e-08,2.272431202456547e-08,1,solver status 'infeasible' is not eligible for evidence consumption (1)
target_return,10000000,None,fold_2,all,11,11,0,1,1,True,-0.13350785266521711,-0.66195425646595096,0.39493855113551668,newey_west_hac_bartlett,2,-2.2855786191781968,0.058413152601690534,-0.10741810573513304,0.026089746930084135,-0.01456446173247905,0.0044363042108859782,0.0044925115063686304,-0.0044925115063686304,0.10353074178604818,0.29738145776590852,0.99999999999994349,1.0000000000000986,0.99999999999994349,0.99999999999994349,0.1344003391507182,0.15612547390428722,7.4677475797374662,8,0.045415052060258247,5.7773059884242279,5.874503310850792,0,0,0,252,252,252,1,1,1.2765108219196671e-09,1.9083011837395247e-09,7.6814805277826761e-09,1.6348331640924729e-08,2.0517418187159581e-09,3.0037033792305848e-09,8.76934688346593e-17,2.42978838173449e-16,6.1135490272689539e-09,1.4081066562115603e-08,1.6348331640924729e-08,8.5075927741972109e-10,2.639040252399082e-09,2.7318259832484337e-09,0,
target_return,10000000,None,fold_2,calm,6,6,0,1,1,True,0.05232386764933511,-0.665690319480573,0.77033805477924311,newey_west_hac_bartlett,2,0.74355746299782322,0.070369635506554382,0.067718396571839742,0.015394528922504678,-0.0073660027526645244,0.0036984260707717534,0.004380096915403326,-0.004380096915403326,0.061089400486129673,0.15222021756181747,0.99999999999996414,1.0000000000000986,0.99999999999996414,0.99999999999996414,0.13046042713802197,0.13261671356445026,7.6655859915605538,8,0.044904022220301265,5.7988638713989351,5.8718277280047335,0,0,0,252,252,252,1,1,1.4253355879826717e-09,1.7557282017133247e-09,8.3734979836121722e-09,1.6348331640924729e-08,2.2945486033671905e-09,2.8991173613532411e-09,7.1511195852849934e-17,1.4802880390788608e-16,6.5819948114176061e-09,1.5070957453137285e-08,1.6348331640924729e-08,1.172692872989313e-09,2.4583312725764147e-09,2.7318259832484337e-09,0,
target_return,10000000,None,fold_2,stress,5,5,0,1,1,True,-0.35650591704267981,-0.58254851404123509,-0.13046332004412456,newey_west_hac_bartlett,2,-8.2044086812546162,0.04345296911613173,-0.31758190850350032,0.038924008539179489,-0.0072518763207554127,0.0043465122842735017,0.0044925115063686304,-0.0044925115063686304,0.15446035134595038,0.29738145776590852,0.99999999999991918,1.0000000000000169,0.99999999999991918,0.99999999999991918,0.13912823356595358,0.15612547390428722,7.230341485549765,8,0.046028287868206619,5.7514365288545797,5.874503310850792,0,0,0,252,252,252,1,1,1.0979211026440615e-09,1.9083011837395247e-09,6.8510595807872773e-09,1.1813801483306477e-08,1.7603736771344801e-09,3.0037033792305848e-09,1.0711219641283051e-16,2.42978838173449e-16,6.1135490272689539e-09,1.1078819150134743e-08,1.1813801483306477e-08,8.3175542260738361e-10,2.256303681675554e-09,2.5462545215497302e-09,0,
