kind,model_a,model_b,correlation,correlation_status,rows
error,bayesian,bayesian,1.0,defined,256
error,bayesian,defensive,0.2994125873635035,defined,256
error,bayesian,dynamic,0.6968531002651426,defined,256
error,bayesian,rank_vote,0.378941465400793,defined,256
error,bayesian,redundant,0.312727160195726,defined,256
error,bayesian,regime_gate,0.6945108188907211,defined,256
error,bayesian,stable,0.9999999999963961,defined,256
error,bayesian,stacking,0.6893524610802331,defined,256
error,bayesian,static,0.5928830765773567,defined,256
error,bayesian,trend,0.23156635785509458,defined,256
error,defensive,bayesian,0.29941258736350357,defined,256
error,defensive,defensive,1.0,defined,256
error,defensive,dynamic,0.7506110799956361,defined,256
error,defensive,rank_vote,0.44068141319819026,defined,256
error,defensive,redundant,0.9975682949972126,defined,256
error,defensive,regime_gate,0.7650014518451563,defined,256
error,defensive,stable,0.2994102576601055,defined,256
error,defensive,stacking,0.5841009162622393,defined,256
error,defensive,static,0.8763245745026289,defined,256
error,defensive,trend,0.2680553403992508,defined,256
error,dynamic,bayesian,0.6968531002651426,defined,256
error,dynamic,defensive,0.7506110799956361,defined,256
error,dynamic,dynamic,0.9999999999999998,defined,256
error,dynamic,rank_vote,0.5862001277540797,defined,256
error,dynamic,redundant,0.7613296547240129,defined,256
error,dynamic,regime_gate,0.9062110824626546,defined,256
error,dynamic,stable,0.6968512247952189,defined,256
error,dynamic,stacking,0.8780641074353959,defined,256
error,dynamic,static,0.9757098955831056,defined,256
error,dynamic,trend,0.6954412089289551,defined,256
error,rank_vote,bayesian,0.37894146540079304,defined,256
error,rank_vote,defensive,0.4406814131981902,defined,256
error,rank_vote,dynamic,0.5862001277540798,defined,256
error,rank_vote,rank_vote,1.0,defined,256
error,rank_vote,redundant,0.4559444178706903,defined,256
error,rank_vote,regime_gate,0.601174403964982,defined,256
error,rank_vote,stable,0.37894029941365803,defined,256
error,rank_vote,stacking,0.8687932332713553,defined,256
error,rank_vote,static,0.5744122740133967,defined,256
error,rank_vote,trend,0.4300940498386889,defined,256
error,redundant,bayesian,0.31272716019572605,defined,256
error,redundant,defensive,0.9975682949972126,defined,256
error,redundant,dynamic,0.761329654724013,defined,256
error,redundant,rank_vote,0.4559444178706903,defined,256
error,redundant,redundant,1.0,defined,256
error,redundant,regime_gate,0.7815233621636811,defined,256
error,redundant,stable,0.312724831426128,defined,256
error,redundant,stacking,0.6078789031282256,defined,256
error,redundant,static,0.883938446187758,defined,256
error,redundant,trend,0.2785700132268301,defined,256
error,regime_gate,bayesian,0.6945108188907211,defined,256
error,regime_gate,defensive,0.7650014518451564,defined,256
error,regime_gate,dynamic,0.9062110824626547,defined,256
error,regime_gate,rank_vote,0.601174403964982,defined,256
error,regime_gate,redundant,0.7815233621636811,defined,256
error,regime_gate,regime_gate,1.0,defined,256
error,regime_gate,stable,0.6945091584340172,defined,256
error,regime_gate,stacking,0.8486838093160948,defined,256
error,regime_gate,static,0.9098267186788268,defined,256
error,regime_gate,trend,0.47389241352880385,defined,256
error,stable,bayesian,0.9999999999963961,defined,256
error,stable,defensive,0.2994102576601055,defined,256
error,stable,dynamic,0.696851224795219,defined,256
error,stable,rank_vote,0.37894029941365803,defined,256
error,stable,redundant,0.31272483142612795,defined,256
error,stable,regime_gate,0.6945091584340173,defined,256
error,stable,stable,0.9999999999999999,defined,256
error,stable,stacking,0.6893510483665464,defined,256
error,stable,static,0.5928809146251064,defined,256
error,stable,trend,0.23156479123627816,defined,256
error,stacking,bayesian,0.6893524610802331,defined,256
error,stacking,defensive,0.5841009162622393,defined,256
error,stacking,dynamic,0.8780641074353959,defined,256
error,stacking,rank_vote,0.8687932332713553,defined,256
error,stacking,redundant,0.6078789031282257,defined,256
error,stacking,regime_gate,0.8486838093160948,defined,256
error,stacking,stable,0.6893510483665464,defined,256
error,stacking,stacking,0.9999999999999998,defined,256
error,stacking,static,0.8324564455497901,defined,256
error,stacking,trend,0.609657328439839,defined,256
error,static,bayesian,0.5928830765773567,defined,256
error,static,defensive,0.876324574502629,defined,256
error,static,dynamic,0.9757098955831056,defined,256
error,static,rank_vote,0.5744122740133967,defined,256
error,static,redundant,0.883938446187758,defined,256
error,static,regime_gate,0.9098267186788267,defined,256
error,static,stable,0.5928809146251064,defined,256
error,static,stacking,0.8324564455497903,defined,256
error,static,static,1.0,defined,256
error,static,trend,0.607208056294886,defined,256
error,trend,bayesian,0.23156635785509458,defined,256
error,trend,defensive,0.2680553403992508,defined,256
error,trend,dynamic,0.6954412089289551,defined,256
error,trend,rank_vote,0.4300940498386889,defined,256
error,trend,redundant,0.2785700132268301,defined,256
error,trend,regime_gate,0.47389241352880385,defined,256
error,trend,stable,0.23156479123627816,defined,256
error,trend,stacking,0.609657328439839,defined,256
error,trend,static,0.607208056294886,defined,256
error,trend,trend,0.9999999999999999,defined,256
prediction,bayesian,bayesian,1.0,defined,256
prediction,bayesian,defensive,0.3960941011735617,defined,256
prediction,bayesian,dynamic,0.7699602714588144,defined,256
prediction,bayesian,rank_vote,0.41529445275601634,defined,256
prediction,bayesian,redundant,0.41356276885530346,defined,256
prediction,bayesian,regime_gate,0.7738961820483902,defined,256
prediction,bayesian,stable,0.9999999999972288,defined,256
prediction,bayesian,stacking,0.8587617653542959,defined,256
prediction,bayesian,static,0.6822249031326629,defined,256
prediction,bayesian,trend,0.3239464202322255,defined,256
prediction,defensive,bayesian,0.39609410117356164,defined,256
prediction,defensive,defensive,0.9999999999999998,defined,256
prediction,defensive,dynamic,0.7692369617452812,defined,256
prediction,defensive,rank_vote,0.6152578313736966,defined,256
prediction,defensive,redundant,0.9976278672596887,defined,256
prediction,defensive,regime_gate,0.7696142158448825,defined,256
prediction,defensive,stable,0.3960921335824572,defined,256
prediction,defensive,stacking,0.6624621076279268,defined,256
prediction,defensive,static,0.8812953551459838,defined,256
prediction,defensive,trend,0.3070496326396029,defined,256
prediction,dynamic,bayesian,0.7699602714588144,defined,256
prediction,dynamic,defensive,0.7692369617452812,defined,256
prediction,dynamic,dynamic,1.0,defined,256
prediction,dynamic,rank_vote,0.6178948271809829,defined,256
prediction,dynamic,redundant,0.782169740752673,defined,256
prediction,dynamic,regime_gate,0.9245786661763918,defined,256
prediction,dynamic,stable,0.7699588086603836,defined,256
prediction,dynamic,stacking,0.9714669560608821,defined,256
prediction,dynamic,static,0.9795834961783004,defined,256
prediction,dynamic,trend,0.7079220527910844,defined,256
prediction,rank_vote,bayesian,0.41529445275601634,defined,256
prediction,rank_vote,defensive,0.6152578313736966,defined,256
prediction,rank_vote,dynamic,0.6178948271809829,defined,256
prediction,rank_vote,rank_vote,1.0,defined,256
prediction,rank_vote,redundant,0.6143916436627824,defined,256
prediction,rank_vote,regime_gate,0.5477850121587265,defined,256
prediction,rank_vote,stable,0.4152932778075679,defined,256
prediction,rank_vote,stacking,0.5617867160560371,defined,256
prediction,rank_vote,static,0.6482250124888176,defined,256
prediction,rank_vote,trend,0.3514776502121225,defined,256
prediction,redundant,bayesian,0.41356276885530346,defined,256
prediction,redundant,defensive,0.9976278672596888,defined,256
prediction,redundant,dynamic,0.782169740752673,defined,256
prediction,redundant,rank_vote,0.6143916436627824,defined,256
prediction,redundant,redundant,1.0,defined,256
prediction,redundant,regime_gate,0.7884968004735271,defined,256
prediction,redundant,stable,0.41356080964052633,defined,256
prediction,redundant,stacking,0.6877588442590412,defined,256
prediction,redundant,static,0.8906114826590216,defined,256
prediction,redundant,trend,0.3191986629493074,defined,256
prediction,regime_gate,bayesian,0.7738961820483901,defined,256
prediction,regime_gate,defensive,0.7696142158448825,defined,256
prediction,regime_gate,dynamic,0.9245786661763918,defined,256
prediction,regime_gate,rank_vote,0.5477850121587265,defined,256
prediction,regime_gate,redundant,0.7884968004735271,defined,256
prediction,regime_gate,regime_gate,0.9999999999999999,defined,256
prediction,regime_gate,stable,0.7738949132771072,defined,256
prediction,regime_gate,stacking,0.9254672464161507,defined,256
prediction,regime_gate,static,0.9220100849660414,defined,256
prediction,regime_gate,trend,0.5192109456152741,defined,256
prediction,stable,bayesian,0.9999999999972288,defined,256
prediction,stable,defensive,0.3960921335824572,defined,256
prediction,stable,dynamic,0.7699588086603836,defined,256
prediction,stable,rank_vote,0.4152932778075679,defined,256
prediction,stable,redundant,0.4135608096405264,defined,256
prediction,stable,regime_gate,0.7738949132771072,defined,256
prediction,stable,stable,1.0,defined,256
prediction,stable,stacking,0.8587606765548961,defined,256
prediction,stable,static,0.6822231818667347,defined,256
prediction,stable,trend,0.3239451026698577,defined,256
prediction,stacking,bayesian,0.8587617653542958,defined,256
prediction,stacking,defensive,0.6624621076279268,defined,256
prediction,stacking,dynamic,0.9714669560608821,defined,256
prediction,stacking,rank_vote,0.5617867160560371,defined,256
prediction,stacking,redundant,0.6877588442590412,defined,256
prediction,stacking,regime_gate,0.9254672464161507,defined,256
prediction,stacking,stable,0.8587606765548961,defined,256
prediction,stacking,stacking,1.0,defined,256
prediction,stacking,static,0.9240139549219093,defined,256
prediction,stacking,trend,0.6562792647983562,defined,256
prediction,static,bayesian,0.6822249031326629,defined,256
prediction,static,defensive,0.8812953551459838,defined,256
prediction,static,dynamic,0.9795834961783005,defined,256
prediction,static,rank_vote,0.6482250124888176,defined,256
prediction,static,redundant,0.8906114826590216,defined,256
prediction,static,regime_gate,0.9220100849660415,defined,256
prediction,static,stable,0.6822231818667347,defined,256
prediction,static,stacking,0.9240139549219094,defined,256
prediction,static,static,1.0,defined,256
prediction,static,trend,0.630196479352938,defined,256
prediction,trend,bayesian,0.32394642023222553,defined,256
prediction,trend,defensive,0.3070496326396029,defined,256
prediction,trend,dynamic,0.7079220527910843,defined,256
prediction,trend,rank_vote,0.3514776502121225,defined,256
prediction,trend,redundant,0.3191986629493074,defined,256
prediction,trend,regime_gate,0.5192109456152741,defined,256
prediction,trend,stable,0.32394510266985765,defined,256
prediction,trend,stacking,0.6562792647983562,defined,256
prediction,trend,static,0.6301964793529379,defined,256
prediction,trend,trend,1.0,defined,256
